Id,ORGANIZATION,NAME,GENDER,SPECIALITY,ADDRESS,CITY,STATE,ZIP,LAT,LON,ENCOUNTERS,PROCEDURES
85ce0b77-f0ef-3d50-b96b-c04a4c6eac1d,74ab949d-17ac-3309-83a0-13b4405c66aa,Gabriel934 Reilly981,F,GENERAL PRACTICE,881 Main Street,Fitchburg,MA,01420,42.586487,-71.80521,1396,0
7921d00f-d72c-3f80-b30d-2d2078dd4f77,faffaf6a-ee1a-3673-b0b0-421a9c249244,Jaunita130 Armstrong51,F,GENERAL PRACTICE,66 WASHINGTON ST,STOUGHTON,MA,020722571,42.14415820061801,-71.10378319512402,29,0
8284385f-e5c0-30d1-8ec0-8202aa21d8ee,17a4bae5-8b64-34d7-8144-b428be027bd0,Olympia319 Ward668,F,GENERAL PRACTICE,512 MAIN STREET  SUITE 211,SHREWSBURY,MA,015456406,42.295109499999995,-71.71808471110307,9,0
42e2421e-1efb-3a5a-ac2d-3b0d0d82cb37,c241b977-4131-32e4-9957-e0a00b2a1e5f,Kip442 Krajcik437,M,GENERAL PRACTICE,94 MAIN STREET,HYANNIS,MA,026013146,41.6562802,-70.27448000204822,1,0
40b7892e-31cb-35f0-8501-317012160728,ef5390b4-cba5-3d83-96db-af783a7adb43,Milan77 Anderson154,M,GENERAL PRACTICE,360 MERRIMACK ST,MALDEN,MA,021482329,42.4250964,-71.066163,1,0
bf78a421-e95e-3e24-9739-83619d33cc5c,6fafb5d4-ecca-37ab-8d24-53036a8cbf1e,Shelley12 Nikolaus26,F,GENERAL PRACTICE,320 WEST CENTER STREET  2ND FLOOR,WEST BRIDGEWATER,MA,02379,42.016080599999995,-71.02601589317304,1,0
4481fbb0-295e-311a-a102-9a44ef0552fa,5becf220-2978-3f33-bd38-9326947f85de,Thad495 Leannon79,M,GENERAL PRACTICE,240 LYNNFIELD STREET,PEABODY,MA,019605055,42.5141736,-70.97106354209534,15,0
7758d1fd-b7e9-3556-8c60-e37e3bb1558b,42d4b607-f14d-370a-818e-40965685776c,Luisa710 Piña753,F,GENERAL PRACTICE,3 WASHINGTON ST STE 220,NORTH EASTON,MA,023561034,42.0667665,-71.1036592,41,0
2bac212a-44f6-334a-aa93-ca47c10ca676,ab701a70-a658-340e-8f69-ee196a7d40c6,Bud153 Parisian75,M,GENERAL PRACTICE,484 RTE 134,WORCESTER,MA,016071728,42.2625621,-71.8018877,25,0
0f994626-36d8-3c3e-b0ab-30762fe88b4c,41e77ca4-b0d7-3c1d-ac88-4ae5a705913d,Johnson679 Pfeffer420,M,GENERAL PRACTICE,20 CLAFLIN STREET,MILFORD,MA,017573356,42.137601149999995,-71.51680334935877,1,0
974df2c4-c0df-3bb6-a30a-575a0fb66244,1311c44a-85cb-3aea-a143-e5d7892ced8b,Rudolf736 Reinger292,M,GENERAL PRACTICE,300 KENSINGTON AVE,SPRINGFIELD,MA,011071139,42.091896,-72.559437,67,0
782764ac-a022-3557-b370-4f428797c95f,667b46fe-0afa-3f70-a311-bbe3d52db050,Joshua658 Borer986,M,GENERAL PRACTICE,757 BOSTON POST RD,WORCESTER,MA,016071728,42.231371,-72.165386,2,0
1976fba5-a1a2-39af-ad96-f566f4961ca2,8e3ca57f-6f74-3d61-9803-ab1424290216,Humberto482 Mann644,M,GENERAL PRACTICE,89 MORTON STREET,ANDOVER,MA,018102036,42.6551409,-71.12857340697036,10,0
c5582a64-3da4-3764-85fb-a3a04e458e06,5fcff9db-16e4-3e56-aa78-abbc16338097,Marcus77 Schamberger479,M,GENERAL PRACTICE,295 VARNUM AVE,WESTFORD,MA,018863513,42.5792583,-71.4378411,172,0
5745ba91-f41f-39c9-92e3-c798a49c3512,fa09396a-2926-3b21-ad0c-9f6cabbce0eb,Brigitte394 Bartoletti50,F,GENERAL PRACTICE,1210 BOSTON PROVIDENCE TPKE,NORWOOD,MA,020625061,42.1714075,-71.1951186,1,0
f10a5d11-0a54-3b19-9e2f-bd071c0dc734,1ddd51d1-7297-3c3b-bad5-98aecd5e4a79,Dinah304 Kub800,F,GENERAL PRACTICE,127 CAMBRIDGE STREET  SUTIE #2B,BURLINGTON,MA,018033735,42.50188325,-71.19559351572005,90,0
85059bee-85ec-3c50-b430-c68ad27b6d53,4cb90b5f-734d-322f-a2f2-776824e1ce35,Irvin970 Emard19,M,GENERAL PRACTICE,770 CONVERSE STREET,LONGMEADOW,MA,011061719,42.0639853,-72.5521444,3,0
9f800490-7862-3214-822e-1ccfcef55a69,93c3d861-e05d-33b9-91eb-1768470229d7,Garret233 Thiel172,M,GENERAL PRACTICE,10 CENTENNIAL DR,PEABODY,MA,019607938,42.5261827,-70.9529896,38,0
ce802b61-ed64-3683-bd60-eb0bd17fbbfe,2e1eaaf1-ebb0-332c-8921-f48e15b91879,Tambra47 Nolan344,F,GENERAL PRACTICE,2 SEAPORT DRIVE,QUINCY,MA,021711599,42.29287335,-71.03019020136307,4,0
846983c1-c691-3dd7-a8ee-b85754c7ec10,32fcdfba-8c93-30f4-b15b-dd3b65c29deb,Jody426 Bernhard322,M,GENERAL PRACTICE,20 NORTH MAPLE STREET,HADLEY,MA,010359715,42.3615107,-72.55261320852942,1,0
9ac1b9c2-8e4e-3be0-9a40-c35f2b827e8c,0ddb0329-b59d-3187-874c-602c649249c8,Eldon28 Cassin499,M,GENERAL PRACTICE,115 W SILVER ST,WESTFIELD,MA,010853678,42.1178811,-72.75935246865802,257,0
64f4fb26-a5c3-3006-a003-e9cceb5b6173,764bf964-6ab7-30eb-885b-3d713ca43265,Carrol931 Wilderman619,F,GENERAL PRACTICE,ROUTE 6   P O BOX 1430,WELLFLEET,MA,026677402,41.936423,-70.021074,68,0
2159144a-505a-3d92-b87a-c3555d46b707,2cf06ddc-4c55-3c91-98f1-fb0188079c27,Alena861 Rolfson709,F,GENERAL PRACTICE,10 VETERANS MEMORIAL DRIVE,MILFORD,MA,017572900,42.14682295,-71.50153080894427,21,0
40c83ff8-01cc-3078-ba3c-e3994b299e32,d85d8f19-03ac-3ad5-957d-e8a36f7002de,Jovita355 Muller251,F,GENERAL PRACTICE,165 TOR CT,PITTSFIELD,MA,012013001,42.457583299999996,-73.2812227954125,17,0
c88803ee-4bbc-31ec-8a74-3a634a86103e,02c936e2-3aee-38b2-88a4-81f3689b7bb7,Royce974 Kohler843,F,GENERAL PRACTICE,120 FISHER AVENUE,BOSTON,MA,021203320,42.3276141,-71.1051603,7,0
f1e111e4-618b-311a-ab11-af5f15112665,609ec9f1-e806-3427-b912-9e3b2915521d,Terence292 Conn188,M,GENERAL PRACTICE,575 BEECH STREET,HOLYOKE,MA,010406604,42.20105435,-72.628169560868,3,0
eae867b2-0fa9-3086-8057-c8c690d07763,2b84e56e-08b4-3078-b3ea-4d159208e065,Verda448 Bahringer146,F,GENERAL PRACTICE,1029 PLEASANT ST,BRIDGEWATER,MA,023242301,41.9718173,-71.00937893001648,121,0
ecf15164-3924-33a8-83ca-434971fbb9fc,a14e698d-a9ba-3eae-9c8b-682ec726433d,Brian582 Cummerata161,M,GENERAL PRACTICE,776 WESTERN AVE,LYNN,MA,019052408,42.466763,-70.9494939,8,0
46b1ad86-2c21-336b-9661-f47e4a9ccee4,7f26da64-69ab-3db4-b285-c48c9836a653,Lupe126 Hansen121,M,GENERAL PRACTICE,500 WENTWORTH AVE,LOWELL,MA,018524937,42.631409,-71.283668,1,0
be06123a-9e2c-3ce7-9cea-de271c5c93c8,4c1a8ea6-b690-3c28-a02e-ebd82190ee65,Hui924 Cronin387,F,GENERAL PRACTICE,885 WASHINGTON ST,BOSTON,MA,021111415,42.3479909,-71.064924,10,0
d968499f-7675-3c08-aff2-056caf921237,5ba6765a-f335-36b0-9c6a-6bb494c5330d,Clemente531 Schamberger479,M,GENERAL PRACTICE,31 OLD ROUTE 7,WESTWOOD,MA,020902333,42.2139873,-71.2244987,2,0
b1dac436-6d15-3fcf-b168-84fe79df4358,b6eeaaf7-1683-3bcb-b6ee-81ce304636ef,Ariane992 Pagac496,F,GENERAL PRACTICE,170 GOVERNORS AVE,MELROSE,MA,021763225,42.4564323,-71.064182,135,0
48ef1bb8-8a55-3e0f-bc9d-d6272c3e3a4a,1c42af32-f17e-32ec-b007-4ff8e2de493e,Ivette731 Wunsch504,F,GENERAL PRACTICE,235 NORTH PEARL STREET,STOUGHTON,MA,020723396,42.1004556,-71.0668392,116,0
886c1122-a12e-3162-a9db-597d9be94d1c,ea153d0a-9ccc-3769-9a25-934b417071b7,Adam631 Towne435,M,GENERAL PRACTICE,463 WORCESTER RD,FRAMINGHAM,MA,017015354,42.3095704,-71.4413097,23,0
c3c318bd-7f67-306f-ab56-0cc9e9a91153,d3085315-9893-34c7-8889-3a31dc17c2b0,Zachery872 Rau926,M,GENERAL PRACTICE,1428 MAIN ST STE 7,WALPOLE,MA,020811729,42.1325911,-71.2618886,53,0
07641455-1d7e-3580-b6c5-ed5cf83ae1cb,ace1ac31-036a-38fd-b451-b3b87157c717,Alejandra902 Thompson596,F,GENERAL PRACTICE,170 MORTON ST,BOSTON,MA,021303735,42.299067750000006,-71.10124351911541,48,0
af4971d3-b09c-31fc-bc7d-763a57756d7f,469171e3-f6ec-3258-8e16-7038f6a439c0,Mireille557 Brakus656,F,GENERAL PRACTICE,COUNTRYSIDE DRIVE,MILFORD,MA,017571252,42.1413353,-71.5192019,9,0
3e029d98-f88d-32a9-836c-5f1f3911f53b,18061fd5-fda8-3e2d-87f0-0f3c87211bcc,Omer483 Koepp521,M,GENERAL PRACTICE,1493 CAMBRIDGE ST,SOMERVILLE,MA,021431408,42.3875968,-71.0994968,4,0
85034536-28c9-3e32-850b-d0cefab0afec,c64c848c-0315-3115-87fa-80c360bb6a73,Sondra191 Zieme486,F,GENERAL PRACTICE,142 BERKELEY ST,BOSTON,MA,021164608,42.3489076,-71.0721378,33,0
cb905037-a5f9-30e8-871e-1b19290b505d,b3ada130-6443-3a8e-98c7-4ec127a2b0c4,Natalya468 Haley279,F,GENERAL PRACTICE,ONE GREAT ROAD,ACTON,MA,017205601,42.4850931,-71.43284,45,0
bbc52770-d93b-3dcf-9b82-665622c2a632,7489f6e0-fee6-3fff-90b6-444868eb907c,Kasey569 Rau926,M,GENERAL PRACTICE,1 KIDDIE DRIVE  SUITE 106,AVON,MA,023221182,42.130150349999994,-71.05720685110387,6,0
5a7a68c8-2a9e-3866-86d6-4ec4d0f61478,545dcda5-7471-374e-9251-b4b685197d3c,Lezlie553 Koss676,F,GENERAL PRACTICE,175 CONNORS STREET,GARDNER,MA,014402637,42.5730593,-71.99713285,90,0
d08d52aa-22d5-3f6b-b950-519eb58003b0,43e33b67-64ac-3314-99ee-114fb2b56b80,Fidel864 Cummerata161,M,GENERAL PRACTICE,200 HILLSIDE CIRCLE  SUITE 2,WEST SPRINGFIELD,MA,010894681,42.105237,-72.6213712,1,0
aaecda5a-e930-3748-8e64-9e14f017cfaa,1e11392b-1278-3e70-93cd-f396cbd0c265,Gino587 Block661,M,GENERAL PRACTICE,115 LINCOLN ST,NATICK,MA,017607700,42.2843753,-71.3441395,25,0
62996bf1-39ea-3538-8dd0-8e0b1b04f805,fe30f2b4-9bc8-346e-afba-4455d1766545,Georgetta870 Turner526,F,GENERAL PRACTICE,17 LAFAYETTE AVENUE,CHELSEA,MA,021502010,42.40019115,-71.03050082480353,13,0
a6fcdb48-64a0-328c-a460-d86dfca0d058,6cf8a214-8d57-3267-85e5-7719e15cd63e,Michel472 Zulauf375,M,GENERAL PRACTICE,170 MORTON STREET,JAMAICA PLAIN,MA,021303735,42.299067750000006,-71.10124351911541,156,0
5cf27047-bea7-3ec0-a178-00a0a868cc34,13161e5b-02d2-3d19-8b48-26ef0becfc83,Janet238 Crooks415,F,GENERAL PRACTICE,165 CAPTAIN'S ROW,CHELSEA,MA,021504019,42.3917638,-71.0328284,10,0
f4b87afd-7ee4-3a7a-b9e6-7a1128fdeb4a,733fc7d0-7cf3-3995-82ef-a9883b807273,Melissa844 Yundt842,F,GENERAL PRACTICE,175 FRANKLIN STREET,NORTH ADAMS,MA,012472712,42.70707,-73.10094536747326,17,0
58f42614-92a8-3861-a269-d531d58e6b2b,4b7c1695-a178-3e03-8651-51acfd3b8372,Juan88 O'Keefe54,M,GENERAL PRACTICE,600 OLD SOMERSET AVE,NORTH DIGHTON,MA,027641824,41.86399,-71.1244904,46,0
8c7a446d-06dc-351c-afb8-a85a2e45c496,5c2e4b0c-fb84-3f95-bbec-a96c18600bf5,Earleen680 Schneider199,F,GENERAL PRACTICE,61 COOPER ST,AGAWAM,MA,010012149,42.0804485,-72.61914987322373,1,0
aebc386e-49d4-363a-aba8-febd3ea21ae3,a3327df4-d092-350b-b551-e60c82076c9a,Debra128 Predovic534,F,GENERAL PRACTICE,46 NORTH MAIN ST,W BROOKFIELD,MA,015853232,42.23754835,-72.13791547215251,26,0
b547e1c0-c5c3-322a-b74e-75005d4d86ca,df3ffcde-b9eb-3965-acdf-f56a6d1424c4,Maurice742 Brakus656,M,GENERAL PRACTICE,1 ARSENAL MARKET PL,WAYLAND,MA,017781840,42.3632063,-71.3606721,3,0
b5f04272-119d-3ac8-a2f2-cd76f4c1d254,981338c4-287c-3621-bc45-8b0b9f1b8922,Rosa195 Caraballo427,F,GENERAL PRACTICE,640 BOLTON ST,MARLBOROUGH,MA,017523999,42.3658183,-71.55914630258509,50,0
a15cb9f1-92bf-37b9-9c4c-61b5b7904b4e,e59fb2d5-508c-38c6-af2e-21d8216dd2b0,Nicholle822 Fisher429,F,GENERAL PRACTICE,759 CHESTNUT ST,WARE,MA,010821625,42.256476,-72.237482,62,0
a6bf9368-031d-3196-8794-9530e478debe,7a3b8310-02eb-3c47-aa1b-3f55b3ed9de9,Leif534 Dare640,M,GENERAL PRACTICE,6 HATFIELD ST,NORTHAMPTON,MA,010602545,42.333172950000005,-72.6566355591273,2,0
f6f0dd6f-198c-32f8-b383-856e3a3fac06,ecadbc11-930c-3903-b706-f8ef4bc9089e,Earlene410 Baumbach677,F,GENERAL PRACTICE,780 CHESTNUT ST,SPRINGFIELD,MA,011031109,42.1211633,-72.60614164702717,41,0
f836f869-28e5-38d0-960f-20a11621ec41,440fa4b8-c731-3cf5-81d9-aa3f30a37b95,Bennie663 Abbott774,M,GENERAL PRACTICE,41 & 45 MALL ROAD,PEABODY,MA,019602901,42.5278731,-70.9286609,216,0
f6d679ff-43bb-30e4-8a57-b9a68c7b78d0,0fab3c4e-a028-39a6-b15a-be5a88b6aa2a,Miyoko154 Paucek755,F,GENERAL PRACTICE,222 STATE STREET,LUDLOW,MA,010563437,42.15547415,-72.47222226666076,33,0
8dcc08a6-187b-3d27-a1f8-441551abca10,3b021cb6-4745-3d9d-8436-230055f770bd,Dusty207 Franecki195,M,GENERAL PRACTICE,148 CHESTNUT ST,NEEDHAM,MA,024943238,42.27728075,-71.23665362814043,124,0
60aef63e-f4c4-3902-a5cc-669208bd3e29,aaa7ebaf-b1a0-38c1-ba89-a16712cf431c,Violette536 Halvorson124,F,GENERAL PRACTICE,16 PLEASANT STREET,BRIDGEWATER,MA,023242420,41.98625885,-70.97978204646246,1,0
7aba845c-4fd6-3dd6-bd4d-be05a9ad854e,ce53c877-0290-390a-b4b4-2462001a1713,Anabel269 Hilll811,F,GENERAL PRACTICE,847 ROGERS STREET  SUITE 201,LOWELL,MA,018524345,42.6275246,-71.27673639687623,11,0
81f2aab8-6a1a-3e04-bf1b-d4923dfc8e1a,b20a0fe1-53b3-33fc-8acb-bc9a2df64e57,Michaele314 Schoen8,F,GENERAL PRACTICE,3 PATTERSON ROAD  SUITE 3,SHIRLEY,MA,014642907,42.552462649999995,-71.62383665745185,7,0
0485c034-b7ef-37be-9a02-2d2e018ff6cd,c92cc255-6778-3307-8092-987d667be4ce,Merle11 Bogisich202,M,GENERAL PRACTICE,89 FOSTER ST,PEABODY,MA,019608925,42.5278731,-70.9286609,32,0
43b4002f-153c-3bc2-86ff-048a4247beae,00ffb204-07b4-3c72-a678-fa252e6cf86c,Kathlene786 Satterfield305,F,GENERAL PRACTICE,450 BEDFORD ST,LEXINGTON,MA,02420,42.47370735,-71.25090005,40,0
4537cc08-290b-3dd8-a2dc-531229454148,ad82d624-72eb-3c7d-a76d-79f2668d1390,Ana María762 Alicea505,F,GENERAL PRACTICE,3 WOODLAND RD,STONEHAM,MA,021801711,42.452443099999996,-71.08939988105112,34,0
d9e158cb-effb-3dfc-95fb-ca07a9933293,70a26106-6797-39f8-83e6-6bcf212b99ad,Christopher407 Mohr916,F,GENERAL PRACTICE,340 MAIN ST,WORCESTER,MA,016081601,42.53616075,-71.74831883675786,28,0
226ea3cd-021d-3f3a-a4ec-f3b17d65f821,b8421363-9807-3b16-a146-95336eea5cfb,Cleveland582 Kuphal363,M,GENERAL PRACTICE,30 LOCUST ST,NORTHAMPTON,MA,010602052,42.33032115,-72.65330802608176,259,0
37e59a55-ed8d-3b22-80c5-9c698fb1e5af,37111f41-8bc5-35d3-9cd9-5b447a11ffd1,Daniela614 Zambrano764,F,GENERAL PRACTICE,TEN INGALLS COURT,METHUEN,MA,018443712,42.7262016,-71.1908924,5,0
64930f97-c886-326a-aa6c-9a6eedeef7c1,24460683-f514-37ef-98c1-724b2fc9aa2a,Dale454 Wilderman619,M,GENERAL PRACTICE,60 HODGES AVE,TAUNTON,MA,027803034,41.91158935,-71.10129620180315,56,0
e0598851-d928-3d75-ae0d-166cbc2eb8cc,945104f1-4b95-3eed-bd02-5efa0afbf34d,Randolph418 Keebler762,M,GENERAL PRACTICE,20 CENTRAL AVE # 506,LYNN,MA,019011201,42.46410018181818,-70.9465129090909,3,0
361d1850-59f0-35f3-8eeb-1f52831e04f5,3076e02a-deac-3e81-96a9-1d32cbda6fca,Randy380 Kilback373,F,GENERAL PRACTICE,59 EASTWOOD CIRCLE,GARDNER,MA,014403901,42.567006649999996,-71.97817904424542,6,0
ae3114cd-e20f-38f2-acd1-7c39cb2d070f,e6cc6043-299a-3581-8f6b-b3b5d62c46ae,Fritz267 Farrell962,M,GENERAL PRACTICE,532 SUMNER AVE,SPRINGFIELD,MA,011082458,42.08631583333334,-72.55792579166666,72,0
c11de3df-d15b-3feb-90a8-e220e4ff6477,b9e35b8a-9831-32d8-a6dc-d7a546c126b0,Domenic627 Blick895,M,GENERAL PRACTICE,111 HUNTOON MEMORIAL HIGHWAY  1ST FLOOR,SPRINGFIELD,MA,011092550,42.1018764,-72.5886727,148,0
7e1fc5c0-6219-392e-9d12-e229b864c002,22249c0a-8ce9-3726-a3bb-b037c773ce5c,Thaddeus38 Sauer652,M,GENERAL PRACTICE,337 NEPONSET AVENUE,DORCHESTER,MA,021223103,42.2875144,-71.0470691675753,9,0
93c63fae-d0d7-31c0-ad3a-55735337c561,18df2721-3f76-3f83-94d5-63597cedd298,Kylee806 Romaguera67,F,GENERAL PRACTICE,909 SUMNER ST,STOUGHTON,MA,020723396,42.1005097,-71.0830269025407,150,0
2d60ed21-9597-3a34-926f-bc232132c29d,6b2e5b97-70f6-3219-8c99-86de138e6808,Forest317 Rutherford999,M,GENERAL PRACTICE,123 SUMMER ST,WORCESTER,MA,01608,42.26496835,-71.79655403681465,57,0
330e4a93-2bc0-333a-9a35-5214a3c4055c,e1818b21-4458-3b9c-b2b8-7ed6f57ae078,Sid118 Wilderman619,M,GENERAL PRACTICE,2399 BOSTON ROAD,WILBRAHAM,MA,010951185,42.14668485,-72.45048427046072,9,0
e1ed754a-60f8-3ab6-a4b6-ec6d7ddce920,328f813e-4de8-3ec2-a113-43f3ddfb0b2a,Eldridge510 Roob72,M,GENERAL PRACTICE,30-40 WESTPARK STREET,BROCKTON,MA,023015241,42.0834335,-71.0183787,23,0
6d00aef8-3127-316c-8a6f-8a8d7a904897,d6600c68-8a26-3a88-86e2-99517365c10a,Jeniffer557 Wolf938,F,GENERAL PRACTICE,175 Elm Street,New Bedford,MA,02740,41.635937,-70.92991,207,0
2238e794-408c-32f9-b60f-903a87654087,dd3307db-114c-3f11-be44-a9eef6bb3fc5,Evelin941 Ratke343,F,GENERAL PRACTICE,269 UNION STREET,LYNN,MA,019011201,42.4652772,-70.94362420273097,29,0
325682a9-460b-33f4-8b07-0be7430833eb,1d87bbfa-19aa-3128-adca-420ff8d5a12a,Junior695 Pacocha935,M,GENERAL PRACTICE,771 CHURCH ST,NORTH ADAMS,MA,012474109,42.680927100000005,-73.09950699822534,55,0
07cf1d51-b2c0-3d9e-b090-82da58705819,15d4c950-4691-3996-b4c4-bf06bfb58ff7,Alvin56 Crona259,M,GENERAL PRACTICE,70 EAST ST,METHUEN,MA,018445883,42.7285558,-71.16833738237946,252,0
7cae9719-ff55-3fed-b78e-d6a7c588ce1c,5018c664-e283-30eb-932a-529d9a19b3b5,Numbers230 Stehr398,M,GENERAL PRACTICE,300 SOUTH ST,WOBURN,MA,018014979,42.473347,-71.144086,293,0
297b2a0e-488d-314a-aa9e-476478e8556b,2e8b42f8-4300-30a9-a576-d513d1021a0a,Beverlee316 Haag279,F,GENERAL PRACTICE,600 CLARK RD,TEWKSBURY,MA,018761699,42.63120935,-71.27023603178071,83,0
5e376e13-3b05-3e94-ab45-6d7835623eb2,5ba77f2c-8ce5-3dde-bb46-3ffcceb3bfbf,Rosalia943 Echevarría842,F,GENERAL PRACTICE,188 FLORENCE ST,CHESTNUT HILL,MA,024672641,42.31835025,-71.17401686317635,1,0
9b43689e-0825-3ba8-a187-3f826823dde2,d140ed3f-2696-3e78-bd77-1c959ec4fc4d,Jamal145 Marks830,M,GENERAL PRACTICE,863 HATHAWAY ROAD,NEW BEDFORD,MA,027401916,41.6512968,-70.9669902070805,25,0
f4aaeaf1-2a06-3b20-8763-7c85610280a6,d4e48a16-0a60-3e90-81e5-c35b22ffe6af,Elmer371 Kutch271,F,GENERAL PRACTICE,856 STATE RD,NORTH ADAMS,MA,012473027,42.69967208677275,-73.16330754755236,4,0
e46f4898-68bc-3a79-b6a3-a41329256192,39c15c0f-5c49-311e-99d2-1fb99d80e06e,Nancie476 Homenick806,F,GENERAL PRACTICE,398 NEPONSET AVE,DORCHESTER,MA,021223134,42.286764399999996,-71.04402811508834,97,0
17b46e8a-25d7-3b25-94f9-17f993aad85a,bccd7d67-203c-3d93-b6b0-bff5a146cd1d,Lorenzo669 Araña824,M,GENERAL PRACTICE,286 WASHINGTON ST,STOUGHTON,MA,020721763,42.1384306,-71.1022598,19,0
e2685dee-f1c1-3a4e-95e1-4ee2f397c9d2,63cb4d95-04a9-3a35-b5d9-f89e0377a48d,Chu728 Weber641,F,GENERAL PRACTICE,211 PARK ST,ATTLEBORO,MA,027033143,41.9419187,-71.2752081695297,44,0
47025eac-372b-36bf-b955-4f0656b1d613,263d1b03-1560-3fc3-b93d-c33a0cbd5837,Nam74 Treutel973,F,GENERAL PRACTICE,10 RIVERSIDE DRIVE  STE 201,LAKEVILLE,MA,023471689,41.8771119,-70.92344635,1,0
efa1e4d8-b369-3d43-bd4f-84b6f8d686a7,4e880cb9-1ca0-3582-b8cf-8a59b0d2b878,Mao115 Bednar518,F,GENERAL PRACTICE,51 S CHURCH ST,PITTSFIELD,MA,012016178,42.44648205,-73.25863241543368,59,0
e837a60b-781e-3c89-85a9-79ce290756b8,a2a41caf-758f-3962-8e5f-e6e603f93d17,Noelle559 Padberg411,F,GENERAL PRACTICE,111 HUNTOON MEMORIAL HWY,ROCHDALE,MA,015421305,42.2020225,-71.89891616754682,10,0
447bac9a-0889-3bb9-8401-883324bd1dd6,db28cc9a-fdfb-35a6-aef7-ab9b933ef244,Clement78 Gleason633,M,GENERAL PRACTICE,8 DANA STREET,CAMBRIDGE,MA,021385402,42.3694992,-71.11011030010101,30,0
8d06aff7-bf4d-326a-896a-5f26ea7b93c9,19a65317-5d32-355e-8f82-88933d48366d,Wes853 King743,M,GENERAL PRACTICE,5 PRECINCT ST,LAKEVILLE,MA,023471468,41.8455651,-70.95195924208448,49,0
372c7c6a-b61b-3a52-8800-53e97d9019c2,844a8cb2-4164-35b2-88b8-dffa2889a738,Alonzo487 Conn188,M,GENERAL PRACTICE,150 UNIVERSITY DRIVE,AMHERST,MA,010022232,42.368937,-72.53247107203978,10,0
4b1fac5a-f43c-3039-907d-9264a80a05a6,52e42aa3-27fb-3298-a3ae-25529dfe6347,Ambrose149 Mills423,M,GENERAL PRACTICE,85 BEAUMONT DR,NORTHBRIDGE,MA,015341093,42.15719035,-71.6521339767302,1,0
f8c230bd-9811-3ff8-8e5c-def9fc90bd76,9d0e702d-50a0-3f4c-9126-0951d560fd4b,Hellen346 Roberts511,F,GENERAL PRACTICE,189 MAY ST,WORCESTER,MA,016024339,42.25986305,-71.83597786023279,50,0
288730aa-56e1-3190-b434-81b83c52194e,ea8d287f-b3a9-3800-8798-788e334ee406,Palmer257 Kuphal363,M,GENERAL PRACTICE,81 HIGHLAND AVE,SWAMPSCOTT,MA,019072928,42.4699241,-70.9171507,1807,0
79b089fc-f2ea-397f-9f25-ab278c342474,c7542447-e06e-32cb-b6db-243c23a0dbc2,Carson894 Krajcik437,M,GENERAL PRACTICE,30 WARREN ST,BOSTON,MA,021353602,42.3501483,-71.14393324457691,4,0
26464737-3eea-3421-9f54-6ab1faee16e1,43e22208-dae0-3196-b30b-17b3c50679c2,Diego848 O'Kon634,M,GENERAL PRACTICE,147 PELHAM ST,METHUEN,MA,018442060,42.7288158,-71.20222773774655,34,0
1a495ef0-76a4-3bb0-9bcd-e3aab60e413e,46375470-1e20-3ddc-8dc5-010ba53826b6,Jude172 Reynolds644,M,GENERAL PRACTICE,40 WRIGHT ST,PALMER,MA,010691138,42.16934095,-72.34120457065711,146,0
284a1e00-a6ee-36b3-889a-6b8af21174b7,eee00932-ca82-36bc-b7e8-e3fff6dbaeaa,Cira533 Hane680,F,GENERAL PRACTICE,450 BROOKLINE AVE,WEYMOUTH,MA,021893141,42.2212188,-70.9391625,147,0
fadbf3d9-4615-3013-93fb-5dfed3456f74,be509ccb-bfb7-3b87-8945-8426b689ef9d,Chong355 Balistreri607,F,GENERAL PRACTICE,2049 DORCHESTER AVENUE,BOSTON,MA,021244742,42.3554334,-71.060511,1,0
2a9f9763-8073-3d46-9323-40256afed9a7,6f90eaad-abe3-3ce0-b9a6-2031c5674f0d,Gordon377 Wuckert783,M,GENERAL PRACTICE,800 TURNPIKE ST STE 300,NORTH ANDOVER,MA,018456156,42.66074825,-71.10724143845708,48,0
0a644332-790f-308f-a6bd-affe704db04a,a06b1a97-d6ce-3ea1-ba4a-2ef85a8114ab,Wanda961 Goyette777,F,GENERAL PRACTICE,400 GROTON ROAD,AYER,MA,014321171,42.57821195,-71.5733060441645,9,0
c9fb24a8-0ed8-34b5-96d3-fc372805bdac,1214636f-3c27-3011-a715-3191a36a2a85,Ayanna800 Ebert178,F,GENERAL PRACTICE,28 ESSEX ST,LYNN,MA,019021754,42.47493315,-70.9274241816419,1,0
fedb75a3-db37-3651-b0e9-5feddb3f84ee,9fbf3c5e-5f22-3b9f-9032-39d6de320874,Delois358 Langosh790,F,GENERAL PRACTICE,150 FLANDERS RD,WESTBOROUGH,MA,015811017,42.2770724,-71.5679154706427,23,0
4024c8d6-b328-373c-a3f9-936608b6a821,f8918a95-31e8-3ac4-8d12-29ca6080ebda,Rudolf736 Vandervort697,M,GENERAL PRACTICE,199 REEDSDALE RD,MILTON,MA,021863926,42.251368299999996,-71.0768393856917,572,0
9f352f01-7691-315b-85a7-9c2adf4ef9a3,8d5880eb-1dd8-31ea-b7c5-21709f3bb341,Nicholle822 Satterfield305,F,GENERAL PRACTICE,50 ROWE ST,MELROSE,MA,021763201,42.4592093,-71.06078096379728,28,0
ca9e36ce-d426-364b-afc7-76c684a54407,70e3ad4f-b9ff-3f3e-9990-2cd7e23a9d1c,Tambra47 Bosco882,F,GENERAL PRACTICE,1238 RIVERDALE ST,WEST SPRINGFIELD,MA,010894675,42.1373438,-72.62624707492338,15,0
a0fb16f9-bb73-3058-9bb0-d9840b29d1ff,dd280187-8662-3732-af81-595d10572911,Mertie42 Lakin515,F,GENERAL PRACTICE,4499 ACUSHNET AVE,NEW BEDFORD,MA,027454707,41.74026055,-70.9450945705336,159,0
bf7099d9-1ad8-3ede-bac2-dbfe7a11285b,a6964d47-8af0-3df2-b99d-d8414eb1cfa3,Reggie481 Schiller186,M,GENERAL PRACTICE,200 MAY ST,SOUTH ATTLEBORO,MA,027035520,41.924394750000005,-71.36076410900014,49,0
c822e541-b75b-32c5-9f14-6019d8424ae1,92d919ab-8380-3fda-a5f1-838e69b819c1,Jarrett354 Gutmann970,M,GENERAL PRACTICE,300 TRADECENTER STE 4750,WOBURN,MA,018017420,42.4994143,-71.161659,54,0
859da448-66a1-32bb-a83d-1d9aa0cbb6d3,87472bc2-7c23-37cc-8355-7f3e88614b6b,Dean966 Kris249,M,GENERAL PRACTICE,305 MAPLE STREET,EAST LONGMEADOW,MA,010282765,42.059258494749486,-72.53388585052694,6,0
dd5d3e03-313f-3d8e-94df-3bcd684872f1,7a5f7ae1-8437-3f5e-b788-5c2ad57f0a0b,Clay913 Mertz280,M,GENERAL PRACTICE,29 ORCHARD ST,SOUTHBRIDGE,MA,015504003,42.076356200000006,-72.04167805,20,0
316217e8-afeb-382a-990e-891b0b6e954d,af3871c3-2098-3051-bcb7-8a919e194a16,Rafael239 Hernádez343,M,GENERAL PRACTICE,97 LIBBEY PKWY,WEYMOUTH,MA,021893110,42.19322885,-70.94589987654936,74,0
951c81ef-0268-3098-bf62-1a624cbb5450,a2cc09de-c1e2-3126-8c09-d49f95225281,Darnell564 Leannon79,M,GENERAL PRACTICE,300 LONGWOOD AVE,WALTHAM,MA,024532741,42.3756401,-71.2358004,861,0
d0a86010-0f95-3519-9c0a-9ae7d176a279,c5306a86-09a1-32d9-875a-67ef56e131c0,Earnest658 Gutkowski940,M,GENERAL PRACTICE,242 SUTTON ST,NORTH ANDOVER,MA,018451631,42.70773345,-71.1300651,39,0
d83c092a-f84a-3101-82e5-7c5b222e7c3f,ab16be57-62ea-39a5-8f7a-ee1285cf6934,Rogelio17 Gibson10,M,GENERAL PRACTICE,115 MILL ST,PETERSHAM,MA,013669503,42.4865962,-72.1893057,37,0
92d69d12-2b27-3a14-ba0d-79df07c7f59c,5c896155-eb9a-383e-9162-a43ebb7f1cc5,Nannie905 Mayert710,F,GENERAL PRACTICE,400 LINDEN PONDS WAY,HINGHAM,MA,020433784,42.1972249,-70.91712645007524,7,0
777f330f-7d7a-310a-9320-fa9b94e76196,4ffc4e4b-9d8d-3c30-ad84-fc9a7209da94,Troy560 Carter549,M,GENERAL PRACTICE,4525 ACUSHNET AVENUE,NEW BEDFORD,MA,027454727,41.74080975,-70.94731021257817,37,0
3473e956-c542-3cbe-9dcb-7cf5f6d65711,bebc1dac-6c42-3225-b0ba-23278cdf2a62,Antonia30 Hackett68,M,GENERAL PRACTICE,464 MAIN STREET,AGAWAM,MA,010011826,42.07695165,-72.62026217030348,16,0
89654f1a-405c-34ac-80de-cc75c4b5f836,be9a14c1-72a6-3186-b199-fdb070768458,Tanner110 Roob72,M,GENERAL PRACTICE,18 FRANCES ST,WOBURN,MA,018013006,42.488288600000004,-71.15015700746171,1,0
4e86bf09-6334-3a89-abd1-8eb0c883611b,06cc2462-430f-3322-9c87-7e971125f510,Kai187 Mann644,F,GENERAL PRACTICE,133 OLD ROAD TO 9 ACRE COR,WESTFORD,MA,018863198,42.5792583,-71.4378411,92,0
b6d07e3d-fe39-3e4c-a950-ee71258da2d0,4077d432-cd35-3bc6-b48a-17a732573899,Leif534 Little434,M,GENERAL PRACTICE,142 CANAL ST,SALEM,MA,019704673,42.508501800000005,-70.89659209044149,13,0
2e8cb613-4bf1-35da-bc74-8d0bd1776eb2,ee7fab6f-6438-394f-b1f2-3e452f8f055a,Trey250 Satterfield305,M,GENERAL PRACTICE,75 BRIMBAL AVENUE,BEVERLY,MA,019156009,42.570099299999995,-70.87108224250409,1,0
be590d74-a171-3d1c-b0ac-177eb98bddfe,79508e39-d0b0-3613-9d54-168f6e1c3a18,Lynwood354 Tromp100,M,GENERAL PRACTICE,200 GROTON ROAD,GROTON,MA,014502056,42.577352149999996,-71.57414587343038,137,0
5669c427-b2a1-3749-b8ad-460cf2b82b80,e52b37d6-60d6-354d-90f9-6e9f9eb1d209,Lyman173 Kshlerin58,M,GENERAL PRACTICE,289 ELM ST,EVERETT,MA,021495228,42.4152341,-71.0348323,2,0
d9049891-22f9-311f-875a-6e8d01591517,49fa72da-905b-3258-b22a-06e007c74c81,Hung902 Weissnat378,M,GENERAL PRACTICE,30 CAPITAL DR STE A,WESTFIELD,MA,010851832,42.1390327,-72.7584859,11,0
eefbf8e5-f167-3fa8-80f5-f239ae70fd26,e34d8448-8b98-3f91-9fe7-faeb8a78e1db,Gordon377 Monahan736,M,GENERAL PRACTICE,NEW ENGLAND SINAI HOSPITAL,MILTON,MA,021862377,42.2501425,-71.065573,39,0
e1720393-c359-36b8-9be9-2d3dfd6ee108,a2d45ee8-b930-3169-b612-f602961ad212,Adán600 Abeyta738,M,GENERAL PRACTICE,37 MINUTEMAN WAY,SHREWSBURY,MA,015452229,42.288207,-71.73443816915585,121,0
eab31022-1459-33f4-b835-7930331621eb,0fa1cab9-83c1-3c85-b7bc-53d8b922e2f7,Annita733 Frami345,F,GENERAL PRACTICE,115 LINCOLN STREET,WORCESTER,MA,016081216,42.2768165,-71.795274,16,0
abe97600-9b36-32ea-ab22-18e70d68b2dd,2b97893e-dc50-378b-a266-f089b8450329,Gary33 Torphy630,M,GENERAL PRACTICE,250 MOUNT VERNON ST,DORCHESTER,MA,021253120,42.3194571,-71.04610844302991,28,0
46158771-9e0a-3134-a38b-0c1b3a1d5fba,d0894f6b-78d7-338d-82ad-b63de4d40014,Lynsey2 Lemke654,F,GENERAL PRACTICE,330 MOUNT AUBURN STREET,WALTHAM,MA,02452,42.3756401,-71.2358004,215,0
09f4b833-c957-373a-99df-facde0f8f3c6,3d5fbf38-c781-3e04-8c7e-5a402611b7d4,Vito638 Barton704,M,GENERAL PRACTICE,260 ELM ST,SOMERVILLE,MA,021442951,42.3955992,-71.1227391,55,0
665c331e-38f3-34b7-af10-a2f1e8ee8d51,f43f97f2-af04-3ed0-a42e-3681718cc9b2,Dorcas534 Quigley282,F,GENERAL PRACTICE,725 NORTH ST,PITTSFIELD,MA,012014109,42.4600752,-73.2492795834909,318,0
275dac3f-c634-356b-960c-071caa305a38,326bc5bc-8da8-3337-a76a-7d44202dae3d,Porsche32 Hermiston71,F,GENERAL PRACTICE,184 SWANTON ST,WINCHESTER,MA,018901921,42.4606573,-71.13806547771736,1,0
bd2591ab-67e0-3594-99c7-5a8c5ab56e93,88975fd9-b47e-3af6-af78-c58e1ecf0d5e,Azzie965 Feil794,F,GENERAL PRACTICE,115 W SILVER ST,WESTFIELD,MA,010853628,42.1178811,-72.75935246865802,819,0
b27eb412-ea5b-3406-8757-b1fdde592c2b,b5789b71-fc8e-3b7e-9eb2-3fc577943117,Elvia127 Miller503,F,GENERAL PRACTICE,81 RESERVOIR DRIVE,ATHOL,MA,013314901,42.581152349999996,-72.18775715069674,40,0
d0817eb3-42e9-38eb-a554-10ae26a19b5b,edd58f69-ad5f-346b-b1f9-530ccdc895f6,Shawn523 Padberg411,F,GENERAL PRACTICE,52 CARPENTER ST,ATTLEBORO,MA,027032472,41.9369576,-71.27996091755344,39,0
6bff8e0e-a2ba-3106-93df-268c7c411740,94ac48ba-e215-3ab9-ba88-a0b926d29cef,Barton704 Hahn503,M,GENERAL PRACTICE,300 WINTHROP STREET,MEDFORD,MA,021552311,42.421527,-71.11834,10,0
d92db488-90c7-37fa-8eff-1b556057267f,0334ad53-5d57-384e-a411-63b075139c06,Stephen891 Stamm704,F,GENERAL PRACTICE,66 CENTRAL STREET,EAST BRIDGEWATER,MA,023331913,42.03160525,-70.9572577506426,20,0
92c729cc-cd51-32c4-bc71-8b39e839f13e,069b90f9-309b-35e4-b990-d1dbacb962cc,Leo278 Strosin214,F,GENERAL PRACTICE,36 LOWER WESTFIELD ROAD,HOLYOKE,MA,010402749,42.16975305,-72.63488031242107,12,0
7b8de312-d358-387f-8dfe-39cdc83c3ad9,aaa0fec8-a112-35c1-81d8-20cba5d2d00e,Colton403 Shields502,M,GENERAL PRACTICE,80 DEACONESS RD,CONCORD,MA,017424168,42.451360756038156,-71.37688541994147,2,0
04eafed4-c70d-32ee-8be2-7ca1ec5b3980,936ceb96-2b12-371f-aa68-ee02a9c06f4c,Eddie505 Keeling57,F,GENERAL PRACTICE,225 BOSTON ST,LYNN,MA,019043124,42.470497449999996,-70.96003668151566,62,0
522d0a74-a21a-3906-8626-27974c3c5371,a855314b-4fb5-37fc-8015-5caa96c928b1,Juan88 Cintrón695,M,GENERAL PRACTICE,759 CHESTNUT ST,SPRINGFIELD,MA,011991001,42.121522049999996,-72.60300615153007,38,0
44e1d0dd-8381-3c17-82dc-4851874f3d01,0a8a4b11-d0b8-3cd2-92cd-983de5189cfa,Angelena945 Nicolas769,F,GENERAL PRACTICE,111 BIRCH STREET,LYNN,MA,019021574,42.47859105,-70.93458444045801,45,0
3c40c94e-baf2-3c49-8845-5353324cb31f,7b7ce654-a413-37d1-9d34-97240c0ac580,Liberty95 Kihn564,F,GENERAL PRACTICE,1 WRENTHAM ST,BELLINGHAM,MA,020192532,42.025037350000005,-71.48945118224057,6,0
00221aa1-724b-3294-87dd-057839426acf,95b01a7c-e16a-37d4-b354-c404baa00203,Saturnina961 Gibson10,F,GENERAL PRACTICE,290 SOUTH STREET,PITTSFIELD,MA,012016824,42.440485002637104,-73.25677853480586,12,0
454c2235-5b28-3827-9303-4a3144fbf536,880c8804-deb0-35b0-9132-06950118b8b3,Elijah719 Flatley871,M,GENERAL PRACTICE,150 LINCOLN STREET,NEEDHAM,MA,024922914,42.2743931,-71.23662905222776,1,0
825eb845-c253-329f-b330-72aae1006520,df852cb2-9fe0-3c90-87ac-46e5f980ee3b,Claudie965 Koch169,F,GENERAL PRACTICE,3 PATTERSON ROAD  SUITE 3,SHIRLEY,MA,014642907,42.552462649999995,-71.62383665745185,11,0
d98e5f7c-3439-3671-849a-fc439f0a34fb,3e97ce4f-3ad7-3cea-883f-e2bb4ca89d83,Fidel864 Swift555,M,GENERAL PRACTICE,30 NEW CROSSING RD,READING,MA,018673270,42.51809619399502,-71.0959083715027,11,0
57293467-4437-3df2-a23a-861a3c072507,c0132cf6-1703-3aad-89b4-cc2f2bbc123e,Lovie151 Schoen8,F,GENERAL PRACTICE,66 NEWTON STREET,WALTHAM,MA,024536058,42.3746705,-71.22789736306842,2,0
31498262-539a-30d2-9dc3-7a1c46eb0273,d5920b72-ac1a-3ec4-81ca-e3b75cb7aadd,Donovan745 Daugherty69,M,GENERAL PRACTICE,251 Causeway St.,Boston,MA,02114,42.3665,-71.05931,74,0
a199c247-861c-3730-b0bd-683882c1081c,4f59f709-8b84-3d27-a04b-c6b7b5544413,Jamison785 Davis923,M,GENERAL PRACTICE,70 BOLTWOOD WALK,AMHERST,MA,010022271,42.3768779,-72.51840280783739,82,0
f23fd835-9d7d-38f1-9726-72bdcddd35a0,c4e5b33c-17b8-3f51-a8ba-a327d54e642a,Kaila152 Dibbert990,F,GENERAL PRACTICE,94 N ELM ST,WESTFIELD,MA,010852917,42.1322823,-72.7436679,170,0
867172b3-e0f6-39a5-8ac3-abbffe37198b,5225cc87-6a30-303c-a882-5f001cee7f0e,Ila598 Boyer713,F,GENERAL PRACTICE,110 W SQUANTUM ST,QUINCY,MA,021712122,42.27259075,-71.03082765,25,0
e74584d8-e19a-3fa4-ba4a-5caf50d71944,6d6ef57e-b2ce-3a69-bacf-4305c51834b0,Frankie174 Skiles927,M,GENERAL PRACTICE,186 HIGHLAND AVE,SOMERVILLE,MA,021431507,42.38845955,-71.10666839512322,1,0
7a3dfc4e-937d-3f56-8236-5ee6a9970637,79d49935-bcc0-36ca-920b-45365c367438,Sherita708 Hudson301,F,GENERAL PRACTICE,409 W BROADWAY,SOUTH BOSTON,MA,021272245,42.336831,-71.047958,103,0
2cdd9743-c103-39a0-bda0-206e4465a98f,0f2c58ec-5323-3c0f-9bdf-af0df7eb2a2b,Bernardo699 Nieves278,M,GENERAL PRACTICE,130 DORCHESTER STREET,SOUTH BOSTON,MA,021272642,42.3334312,-71.0494949,8,0
85abade3-ab9f-3a3f-985c-1b71ec409986,51370692-6296-3150-8672-559fc73f964f,Jeromy156 Okuneva707,M,GENERAL PRACTICE,75 FRANCIS ST,WEST BRIDGEWATER,MA,023791542,42.0219112,-71.019004,264,0
3a6cd5fb-38ce-3721-bfef-269231fa2c20,b5b380d2-df21-3389-abf0-08551c7e1f2d,Rueben647 Friesen796,M,GENERAL PRACTICE,85 PATTON RD,DEVENS,MA,014344401,42.5304204,-71.61505519305638,348,0
58f26d23-8985-385b-ac2d-fc637480e260,dd8f40be-2c90-347a-abf6-c07a5ad4148f,Harold594 Bashirian201,M,GENERAL PRACTICE,105 CHESTNUT ST,NEEDHAM,MA,024922520,42.2784618,-71.23770041644639,20,0
352a6446-2741-3f21-b7bd-0a94b632f2fe,2836d9ac-c6a6-39d1-8f13-fdf0fc8928f4,Carlton317 Koch169,M,GENERAL PRACTICE,365 EAST ST,TEWKSBURY,MA,018761950,42.6069472,-71.2180803,172,0
d7933538-8f97-3a53-9749-a78991b81007,7dddc0c2-9f1d-3e4e-b2f2-fc7e6abbed31,Joaquín233 Almonte426,M,GENERAL PRACTICE,160 MERRIMACK STREET  SUITE 1,METHUEN,MA,018446117,42.7334079,-71.13599310716302,7,0
15f44d4b-4f7f-3d18-961f-e9d69eb0c475,82c72223-f521-3a34-9b9b-4ff366365399,Shon148 Reinger292,M,GENERAL PRACTICE,2100 DORCHESTER AVENUE,QUINCY,MA,021691870,42.2509914,-71.0037374,71,0
2011f8d4-036a-3594-8805-d15e126956cd,b5e6f1bd-c744-3556-9775-5ff8399eea33,Whitney250 Wiza601,M,GENERAL PRACTICE,2284 MAIN ST,CONCORD,MA,017423829,42.44300895,-71.42458458423982,94,0
1556423f-ddde-38be-8a12-9a8f39a9ddb9,423ee6a6-6928-3a01-a49d-9687361747a4,Lashunda872 Yost751,F,GENERAL PRACTICE,7 LORING HILLS AVE,SALEM,MA,019704267,42.48646565,-70.90338797731044,1,0
6464f676-5d03-31ba-818d-0ab64722d59e,04b252db-4231-3cb5-963d-6f096fb4b97c,Lorie307 Grady603,F,GENERAL PRACTICE,1177 PROVIDENCE HIGHWAY,NORWOOD,MA,020625019,42.194543,-71.1994976,7,0
bc20a726-5cbd-3970-88e9-edb36a859a4e,94f6a3ae-7d8d-3cbc-a788-e400732da7e5,Ammie189 Kuvalis369,F,GENERAL PRACTICE,450 WEST RIVER ST,ORANGE,MA,013649603,42.5928702,-72.32953998953418,10,0
467fc5d9-5411-37e1-bf9c-ec86800f0c42,e2eab39c-5195-34aa-b35f-e89e37cfed01,Miguel815 Roberts511,M,GENERAL PRACTICE,55 FOGG ROAD,WEYMOUTH,MA,021893141,42.175539799999996,-70.9539153674405,35,0
67bc0c3a-f1dc-30a4-82b5-9c157d6e2f21,1de7e7d9-9a7a-3a3f-bf4c-b4de450711f2,Clelia416 Morissette863,F,GENERAL PRACTICE,198 LITTLETON RD,WESTFORD,MA,018863429,42.564282,-71.42620615382347,59,0
16b30374-1999-3319-a111-3f9bd4fb00ad,df3f566c-97e5-31ed-b0fe-4b452666f736,Sandie760 Rodriguez71,F,GENERAL PRACTICE,300 CHESTNUT ST,NEEDHAM,MA,024922477,42.27522125,-71.23743483674366,43,0
bfdce4e0-30f9-30bc-9cee-40c2001b0859,497f39dd-280e-3d58-af5b-c5e3a3a09b10,Randy380 Bergstrom287,F,GENERAL PRACTICE,27 PARK ST,HYANNIS,MA,026015230,41.65363635,-70.27352219234834,82,0
0dabad97-9b9e-39d3-b21f-536b08c1176f,0d7fd824-1c7b-3f8b-a662-f6c2005e82e1,Arminda86 Trantow673,F,GENERAL PRACTICE,88 MASONIC HOME ROAD,CHARLTON,MA,015071394,42.1389039,-71.9782681,2,0
8ae49e5b-2429-3f3c-b8d5-966ed7e1069a,ed0c5b98-dc8a-3fc9-9856-61f1a1c75b11,Werner409 Gerhold939,M,GENERAL PRACTICE,40 JULIO DR,SHREWSBURY,MA,015453010,42.29191827853838,-71.70343631978118,1,0
05d25363-db93-377e-8c16-b2962ff9d8a3,accb8cdd-6560-3fef-b0a6-f12c3295026a,Gerardo48 Bergstrom287,M,GENERAL PRACTICE,969 PARK STREET,ATTLEBORO,MA,027035115,41.9266899,-71.2611303145582,5,0
65a2b4a9-23c4-356b-9e05-e28355e06d7b,a2df2aea-9c53-31f4-baea-02ea5ea1e553,Leon728 Lehner980,M,GENERAL PRACTICE,95 LAUREL STREET,GREENFIELD,MA,013013106,42.58163075,-72.61795013515538,3,0
6e660d73-060d-3121-ab16-4be44dc2bd10,18a96051-91f4-3cba-af96-056ea14dfee0,Gaston250 Grimes165,M,GENERAL PRACTICE,25 HIGHLAND AVENUE,NEWBURYPORT,MA,019503872,42.81369325,-70.89091645747592,29,0
cfbf50e0-7c83-3ae8-af42-90d20e8286da,1ab2b5f9-cb95-3236-beec-9b9d4a407c61,Latoria810 Eichmann909,F,GENERAL PRACTICE,725 NORTH ST,PITTSFIELD,MA,012014109,42.4600752,-73.2492795834909,122,0
b7a5f631-eeb6-3e93-a14d-1197cbc6f809,ec509895-6196-36d1-b91e-272bed7e6196,Jenae263 Veum823,F,GENERAL PRACTICE,40 ARMINGTON ST,ALLSTON,MA,021342406,42.3521617,-71.1375176,8,0
fc13d8a9-cd8c-3936-afb3-71e558e8c0ab,4f27686f-c8aa-3dd8-b272-f98bb903b3d7,Keila316 Walker122,F,GENERAL PRACTICE,1044 PARK ST,STOUGHTON,MA,020723762,42.10978265,-71.07043286195213,1,0
b0fb0fa2-cabc-3a52-8e74-a162a7e101ab,b5d7a9c3-9232-3f0e-a707-9aba443ca12f,Earnest658 King743,M,GENERAL PRACTICE,39 LAFAYETTE ST,MARBLEHEAD,MA,019451939,42.49376315,-70.87528080424494,1,0
afaae3db-8a5f-36fb-9a87-f46d3643f7c8,41e2a44c-477c-3511-96f9-12c476aa3b6a,Antwan357 Lindgren255,M,GENERAL PRACTICE,85 E NEWTON ST,BOSTON,MA,021183553,42.336277100000004,-71.07085295687423,107,0
a767595b-9554-3d72-8a3f-be530331d1dd,97a14f8a-1b8c-3b40-b5bd-f44f1440c1ba,Melissia267 Bergnaum523,F,GENERAL PRACTICE,23 WHITES PATH,W YARMOUTH,MA,026733200,41.6501114,-70.2411312,28,0
cbe6b3b3-f750-37d7-bc83-4f832076ded3,5b0cd0a0-f277-3a66-bee6-d64b5be4a3f5,Waldo53 Hintz995,M,GENERAL PRACTICE,725 NORTH ST,PITTSFIELD,MA,012015493,42.4600752,-73.2492795834909,112,0
514f0eda-325a-34b7-91b1-3b02499d9e05,4956f573-3dc2-3a67-9692-2f57451744e6,Gerry91 Davis923,M,GENERAL PRACTICE,400 BOLTON STREET,MARLBOROUGH,MA,017523912,42.35966285,-71.55290125539051,60,0
ad0e81e2-06a3-35d3-9af0-9552019d1f96,b44955d1-f0e2-3beb-a013-708a81dbe430,Idella49 Runte676,F,GENERAL PRACTICE,680 CENTRE ST,WEST BRIDGEWATER,MA,023791600,42.0219112,-71.019004,29,0
6f5c5e4f-c6a5-37b4-94ee-f405f6bd8446,363631be-d437-3548-98c2-d10b909c1721,Elaina826 Ferry570,F,GENERAL PRACTICE,50 MANSION DRIVE,ROWLEY,MA,019691026,42.73718535100735,-70.88053187301136,3,0
de21e686-d847-3bcd-822a-2c87b790cbd7,c1986c0c-f756-3596-8f90-08adacf220fe,Dong972 Auer97,M,GENERAL PRACTICE,73 CHESTNUT STREET,SAUGUS,MA,019061605,42.4573919,-70.9918055,7,0
071f564e-2c3f-3c0c-95a0-56e5ef15330c,78eb7e47-26d6-37d4-8e01-5eabfc9d068f,Raquel318 Dávila115,F,GENERAL PRACTICE,78 BRICKYARD RD,ATHOL,MA,01331,42.58312735,-72.2583516123911,62,0
ae875bdc-786d-315c-9563-ff3bbaa0b8fb,a69c3469-9552-3474-9928-20350c16191b,Hugo693 Salazar800,M,GENERAL PRACTICE,64 PERFORMANCE DR.,WEYMOUTH,MA,021893104,42.196492899999996,-70.94257445685295,2,0
94055d02-5819-3caa-bed3-70702d9d0247,0d1570ab-371c-3898-9397-95905d8c5166,Jose871 Dicki44,M,GENERAL PRACTICE,750 WASHINGTON ST,BOSTON,MA,021111552,42.3499038,-71.0631836,313,0
04ccc9dc-c034-3d72-8e58-c5113a13bbd4,1853aeef-5897-326a-80d6-aa4b0459eb6d,Jewel43 Kassulke119,M,GENERAL PRACTICE,381 WICKENDEN ST,ATTLEBORO,MA,027032247,41.9438129,-71.2806515,18,0
2cb24a3f-774c-3f43-8294-48a9a9b8a00b,f3030ee3-dfa5-3595-b684-9769e52a580a,Carter549 Torp761,M,GENERAL PRACTICE,88 MASONIC HOME ROAD  DAVENPORT BLDG  2ND FL,WEST SPRINGFIELD,MA,010891357,42.105237,-72.6213712,2,0
0f13b713-1c56-307b-8bc7-03d109cc3d1c,2ca615f3-87f7-3283-a447-d919a883b676,Elizbeth263 Dickinson688,F,GENERAL PRACTICE,1399 WASHINGTON ST,HANOVER,MA,023391653,42.1441354,-70.8440854,1,0
be177e7d-02c1-3f78-bff7-f15aa6dacd48,c0a33465-d309-3d2a-932e-9d554a7cc19c,Nathanael908 Rogahn59,M,GENERAL PRACTICE,100 CENTURY DR,WORCESTER,MA,016061244,42.3138278,-71.7707002,102,0
3c1dc250-bb46-3196-89c7-bc5d15b71c51,7f32dd7d-5c35-3ddb-839b-8fbbb930d412,Luna60 Littel644,F,GENERAL PRACTICE,863 CENTRAL STREET,FRAMINGHAM,MA,017014813,42.30758060362541,-71.42846215724606,1,0
7220e3ff-71fc-33ea-aad4-15911a63d331,6e517750-a29e-3170-a02b-5733ff523458,Margarita164 Abbott774,F,GENERAL PRACTICE,101 BARRY RD,WORCESTER,MA,016091275,42.3030701,-71.8333408960994,41,0
720bf826-f496-3578-bb9d-c9041559e6f0,1b3fe590-8793-3f08-865d-01fc425a84d4,Fredrick998 Wintheiser220,M,GENERAL PRACTICE,1340 BOYLSTON ST,BOSTON,MA,022154302,42.34392675,-71.09888049065322,171,0
10c45d1a-15d6-31d3-b373-1bc60b9bb1b0,3f12ebb4-e03c-3453-88d2-4fc9682383df,Irina619 Stiedemann542,F,GENERAL PRACTICE,726 COUNTY ST,NORTH DARTMOUTH,MA,027473603,41.6389926,-70.9703171,77,0
ab6b70e8-5894-3ed6-86d1-51c27345f95c,a9fc7aa5-d3b3-314d-9cf7-af29051d3dd9,Olevia458 Hermiston71,F,GENERAL PRACTICE,1193 SEA STREET,TAUNTON,MA,027803960,41.8946107,-71.11113,3,0
3643c13d-6504-3f46-be74-493dd4a36b87,8af3b144-0e1a-3c90-937d-81a4ed026080,Guillermo498 Fay398,M,GENERAL PRACTICE,800 WASHINGTON STREET,NORWOOD,MA,020623489,42.1886973,-71.2005241,31,0
6308fd14-6a64-328b-bc7f-d2fb51b018d1,02f1998b-3ff7-385f-89ce-642d33b01d5c,Wilber603 Mills423,M,GENERAL PRACTICE,71 HOSPITAL AVE,NORTH ADAMS,MA,012472504,42.70714585,-73.10965876407255,48,0
33c8a67c-68f6-389d-83a1-50b3ea1d1232,a35fd733-dc1a-33f0-a308-292ff5581287,Julianne852 Schaefer657,F,GENERAL PRACTICE,15 STRAW AVE,FLORENCE,MA,010621491,42.335654,-72.663286,29,0
258dd924-78ce-328d-b8a7-002551b34ea8,e92dad8b-f485-315a-8fc4-1d7adfdc9c00,Ramiro608 Anderson154,M,GENERAL PRACTICE,581 FAUNCE CORNER RD,DARTMOUTH,MA,027471242,41.676111381167445,-70.98788528176077,126,0
b7ee6367-7cdb-359c-9b4b-12f37e5f0190,2987ddf5-7ff2-3e4a-9e25-d654a10313fd,Ted955 O'Connell601,M,GENERAL PRACTICE,519 MAIN STREET,MEDFIELD,MA,020522522,42.186209649999995,-71.30745495273302,2,0
e58be858-424a-378f-b99f-578b01fd831b,19a3afba-b409-3650-a0ab-f3faf6e391ef,Haywood675 Strosin214,M,GENERAL PRACTICE,199 REEDSDALE RD,WALTHAM,MA,024511433,42.3756401,-71.2358004,3,0
1c3f6d70-913e-391e-af3c-945e9af2b94b,76b7dbb5-0a02-32a4-9a01-3511f7e45016,Emerita401 Satterfield305,F,GENERAL PRACTICE,59 COUNTRY WAY,SCITUATE,MA,020663746,42.1806871,-70.74862935148246,2,0
562387aa-cf5c-39af-835f-5602c5037ea8,25c85bcc-7e25-36bc-89e8-08e0d473db23,Sharron285 Okuneva707,F,GENERAL PRACTICE,138 S MAIN ST STE 14,MILFORD,MA,017573272,42.1270746,-71.51639128815474,78,0
f472393f-00a3-3571-8a75-eef242483420,e68de1a0-767e-3466-b9a6-43948ee073d3,Gene733 Ratke343,M,GENERAL PRACTICE,160 WELLS AVENUE,NEWTON,MA,024593302,42.29337605,-71.19806353028767,8,0
f94ba915-24c8-35ec-9a18-89c8a50f1bee,cbebae9e-f95e-3d2c-9712-289ea8d6aeec,Xochitl483 Haley279,F,GENERAL PRACTICE,49 ROBINWOOD AVENUE,QUINCY,MA,021698130,42.2509914,-71.0037374,3,0
e46ed4c5-c2fd-31c0-9e3a-9c34355c7da2,ec7e487e-7e78-3eac-a9ee-37f8de98a0f9,Marlene554 Hammes673,F,GENERAL PRACTICE,277 WASHINGTON STREET,ABINGTON,MA,023512489,42.10060947239023,-70.94967338146704,3,0
fa662851-64aa-38ba-91c1-b56f93f23285,ad482681-b4c4-3fce-ac59-78c83d31b0ba,Carmelo33 Turner526,M,GENERAL PRACTICE,130 CHESTNUT ST,FRANKLIN,MA,020383903,42.08345955,-71.38413379825735,1,0
40dcf14c-800d-31e7-b997-6a6b59d565dd,411f14a5-de79-3e08-81d6-301270cc2275,Fredrick998 Harvey63,M,GENERAL PRACTICE,64 CONCORD STREET,WILMINGTON,MA,018872179,42.55962465,-71.13772203658047,14,0
7ca4e91d-b6f8-397b-bd47-bfaf55efa0ba,471f7ca2-38f8-3080-8109-187c73ec0b1f,Collin529 Johnson679,M,GENERAL PRACTICE,27 CONGRESS ST,SALEM,MA,019707308,42.518722068313224,-70.88940635956651,13,0
1d3d2088-1316-3413-a03a-609de5a16a45,20df65a4-7567-3066-b680-0f71b0c31d38,Rayford811 Bashirian201,M,GENERAL PRACTICE,242 GREEN ST,GARDNER,MA,014401336,42.58685735,-71.98748072431209,88,0
597cbf16-809e-35fd-b3bb-87f88e4d2674,7dcab1ad-0e13-3700-9eb0-70767c5e2b55,Carlota980 Saucedo620,F,GENERAL PRACTICE,1515 ALLEN ST,SPRINGFIELD,MA,011181803,42.095299499999996,-72.50943136142334,4,0
e0b0fc29-b3c5-38f3-a52f-5659f1d4d51c,6ea4d3d6-d820-387a-a3d1-ed5944ad47a2,Fabian647 Larkin917,M,GENERAL PRACTICE,232 PLEASANT ST,METHUEN,MA,018447152,42.7397562,-71.17113575205717,59,0
536c9bed-c595-33c3-8181-d27dd7503f5b,e7722de2-0e62-3dc9-a163-a7003956673b,Weldon459 Lockman863,M,GENERAL PRACTICE,1 EDGEWATER DRIVE  SUITE 103,NORWOOD,MA,020624669,42.16153305,-71.20162617190071,2,0
82861d4b-0266-3cd0-a873-536502f33a71,f2f525c9-8e06-3009-b720-ccf449bce7a5,Gregorio366 Garza151,M,GENERAL PRACTICE,320 PITTSFIELD RD,LENOX,MA,012402377,42.3939874,-73.2706999222404,1,0
49e16e3e-92b6-3eb9-9842-fc61f84696bc,9b8a7a25-b923-3710-9f3c-d42919a3f54f,Heriberto162 Ondricka197,M,GENERAL PRACTICE,146 MAIN ST,MAYNARD,MA,017542651,42.4309786,-71.4552968,38,0
37ccb973-8f5d-35da-8de1-d339d7ce51bf,966245ce-e84d-36b0-a838-2e0b5bb2e668,Pei116 Crooks415,F,GENERAL PRACTICE,1425 BLUE HILL AVENUE,MATTAPAN,MA,021262122,42.2754929,-71.09384131587021,4,0
a99a5ffe-2b6e-397b-b1b0-29793c0abbb3,9dbd44ba-59b2-3d1d-ac91-3880af8081d2,Tori754 Larson43,F,GENERAL PRACTICE,529 MAIN ST STE B,ACTON,MA,017203965,42.4878132338563,-71.43046999422496,118,0
0ee65323-e236-3300-9f77-282e54408cdb,35eba9db-902f-32e6-b302-0e5ef8fa5c68,Lilia791 Armenta418,F,GENERAL PRACTICE,66 BROAD ST,WESTFIELD,MA,010852927,42.1165587,-72.74727440058362,1,0
e24e4315-df2a-330c-9df3-27fd24e2fa64,9656a864-3b93-356f-9fa6-d7988e249977,Josh874 Feil794,M,GENERAL PRACTICE,950 N MAIN ST STE 203,RANDOLPH,MA,023683064,42.1871612,-71.0568102,56,0
d46202b3-6ba2-3d03-bd41-89fab5167bac,845fbd9b-2d1c-39a8-8261-28ae40e4fab2,Sam879 Rippin620,F,GENERAL PRACTICE,14 PROSPECT STREET,UPTON,MA,015681431,42.1700209025178,-71.59409308099494,218,0
0828b67a-6135-3ae5-9114-47d20275d2f4,bac9dc0c-cb0f-3fa6-aa12-819dd0fb922a,Nicholas495 Greenfelder433,M,GENERAL PRACTICE,1493 CAMBRIDGE ST,SOMERVILLE,MA,021452935,42.3875968,-71.0994968,148,0
a6380406-1ef4-34e7-85a9-722dbace258c,9ce6072b-d039-3cde-8eaf-950211b8ae88,Saul605 Ratke343,M,GENERAL PRACTICE,147 S MAIN ST,MIDDLETON,MA,019492446,42.585787222720036,-71.00861442427218,2,0
5df50211-f1b7-3249-978b-3b7e5976f91d,af8566eb-8918-3ec7-ba44-92b6a2cf8097,Trevor374 Walker122,M,GENERAL PRACTICE,81 HIGHLAND AVE,SALEM,MA,019702714,42.5112107,-70.90516241826194,131,0
5b3dbd88-8ce0-36d8-856a-578a8e0413c0,d4a03501-69f6-3a89-ac27-ed25976fdb6f,Virgen207 Hyatt152,F,GENERAL PRACTICE,25 WOODLAND ROAD,STONEHAM,MA,021801705,42.450448800000004,-71.09076944938434,71,0
1ac7d44d-e341-3e56-aa44-7d329e290cc0,d1d4d104-68cb-356b-9086-888de7d2826f,Ellyn26 Windler79,F,GENERAL PRACTICE,61 Lincoln Street  Suite 112,Framingham,MA,01702,42.28348,-71.41845,106,0
8af855a0-88ef-3f26-938a-d914451ff211,4058ca7b-c48b-3aaf-8de9-fc421f6a9e1c,Robert854 Klein929,M,GENERAL PRACTICE,199 ANDOVER STREET ROUTE 114W,PEABODY,MA,019601630,42.5278731,-70.9286609,2,0
e67334ff-a29a-3b28-9e7e-db4ba336b31d,ecd3b321-0a8a-3ce6-81f0-982dd77fce43,Hunter736 Lesch175,M,GENERAL PRACTICE,25 HIGHLAND AVE,NEWBURYPORT,MA,019503867,42.81369325,-70.89091645747592,4,0
89bf43b4-fa00-39e1-8066-c1514f223fb1,0ebe55cb-ce87-31fb-bced-cfe11130b290,Harland508 Williamson769,M,GENERAL PRACTICE,464 HILLSIDE AVE,WEYMOUTH,MA,021893104,42.2212188,-70.9391625,8,0
37d64af7-8273-3b6a-8d7a-f4ff1c8abb2e,69cb2157-b620-3c51-9c94-f516462d2d55,Luther918 Schroeder447,M,GENERAL PRACTICE,11 WATER ST,ARLINGTON,MA,02476,42.41642055,-71.15424293038585,54,0
4eaef3e7-b7cd-3375-aa1e-0bfb8a6a6b02,ae3eab22-8868-37bb-9a59-2b8bfe14bf34,Elise948 Smitham825,F,GENERAL PRACTICE,2033 MAIN STREET,ATHOL,MA,01331,42.58522105,-72.20868129339888,147,0
a1ea1b5e-086f-35e1-b7d1-92d3f4a6e98e,218e58e4-9642-3ebd-9b39-34d15f22c620,Jamie386 Lowe577,M,GENERAL PRACTICE,977 MAIN ST,WALTHAM,MA,024517406,42.376452150000006,-71.25063779999999,47,0
843c48b9-cc44-3b0b-b447-096a6e1c960b,f90ef475-defe-363d-a926-573b38f804a2,Kristopher775 Schiller186,M,GENERAL PRACTICE,54 HOPEDALE ST,HOPKINTON,MA,017481672,42.2288875,-71.5196439,28,0
28d2db64-f213-3461-9037-b34fb0ba77ba,41f66e18-8eb7-32f2-9371-7df5bf2b8d21,Óscar156 Ozuna605,M,GENERAL PRACTICE,170 UNIVERSITY DRIVE,GREENFIELD,MA,013011238,42.6097476,-72.5979752,7,0
273dc71b-27af-3724-b59d-93943f359a21,a25107f7-f4f5-36fc-98e4-f3e1b5875c91,Yesenia104 Wilderman619,F,GENERAL PRACTICE,1285 BEACON ST,WOBURN,MA,018012157,42.4979478,-71.1684508,3,0
1f3fe52c-d13f-3ce4-91ff-6c93c984d6f9,0e6c3ad1-24c1-34cb-bb6d-e8438fa319e2,Vern731 Casper496,M,GENERAL PRACTICE,50 DODGE ST,SWAMPSCOTT,MA,019071300,42.4699241,-70.9171507,137,0
bfe27ce0-7116-3c77-9485-58a5bdae2a56,4f9dd195-07b8-3a81-8b7a-58852a0e6cdf,Tonja658 Goyette777,F,GENERAL PRACTICE,47 E MAIN ST,WEST BROOKFIELD,MA,015852906,42.2355113,-72.1381676,1,0
198ebcc6-093a-355c-b8ae-91ae31af1d86,3695125c-c052-3ece-898a-2a6448987ae5,Sean831 DuBuque211,M,GENERAL PRACTICE,2040 BOSTON RD STE 5,WILBRAHAM,MA,010951380,42.150295650000004,-72.47288272264812,2,0
c203465f-6156-3e97-98fe-75742bb517ee,45db4ed7-a93e-3946-9c31-b567ca373de6,Bell723 Toy286,F,GENERAL PRACTICE,7 Drydock Ave  Suite 2070,Boston,MA,02210,42.34461,-71.03728,19,0
45cf5ca8-6f2e-3981-a163-194451fd4b82,bdd9ad72-443a-3563-a626-4c45f6d058b2,Angele108 Bogan287,F,GENERAL PRACTICE,147 PELHAM STREET,WORCESTER,MA,016072105,42.265209,-71.814005,1,0
5536941e-5bf1-362e-a7e2-782849c66777,05fcf001-ab24-3d7d-85f7-f64942d82738,Leonarda398 Schumm995,F,GENERAL PRACTICE,250 POND STREET,FRAMINGHAM,MA,017014592,42.2838619,-71.4093719,21,0
9e16bef6-14e0-3abe-aefb-33ec2c10e0b3,83769f98-fff3-3535-8781-6ace5957136f,Emilia403 Breitenberg711,F,GENERAL PRACTICE,115 NORTH AVENUE,ROCKLAND,MA,023702129,42.13496385,-70.92237824494691,2,0
97ddeee0-4469-3091-85e5-85e9b3adf129,05cd3fbb-08ce-38bf-b680-721a3e902d43,Lacy523 White193,M,GENERAL PRACTICE,9 WARREN CT,SALEM,MA,019703163,42.51586993877551,-70.90514912244899,73,0
49e781cc-dd83-3035-91a2-4b46c4f9cafa,28d71598-85eb-3a0e-90c1-22e0be1af57c,Sammie902 Hermann103,M,GENERAL PRACTICE,38 MULBERRY ST STE 204,NORTHAMPTON,MA,010602832,42.35436315,-72.70256804599192,38,0
ed24ff72-63d1-332d-b1c2-17b8707c008d,9adfae03-673d-365d-9052-f705098fa3e4,Daniel959 Wolff180,M,GENERAL PRACTICE,51 BLOSSOM ST,BOSTON,MA,021142699,42.36305545,-71.06643399281765,183,0
18e13938-0e95-3785-b31c-82678bbd31f1,46912be1-43b9-3c0c-9fbd-3d123f2eacc6,Vernita491 Kutch271,F,GENERAL PRACTICE,821 DANIEL SHAYS HWY,ATHOL,MA,013316903,42.572540548950265,-72.2674105528448,2,0
c033b86e-5944-3013-b6e9-0ed94220295d,89171335-b9c0-3326-98d6-a837d432b9fd,Louis204 Hauck852,M,GENERAL PRACTICE,150 FLANDERS ROAD,LYNN,MA,019042915,42.466763,-70.9494939,257,0
bd876e2f-c4b0-363d-8669-a445c74c39e4,e2a8b444-9b8f-36ff-84c4-05ee98589482,Francisco472 Gusikowski974,F,GENERAL PRACTICE,8 SHIPWAY PL # C-8,CHARLESTOWN,MA,021294301,42.3778749,-71.0619957,113,0
4a03fb6f-7b71-344e-bc76-6aa498f6be07,71f4c23f-7559-31ff-8f42-a672e80b85a2,Sallie654 Jast432,F,GENERAL PRACTICE,300 FIRST AVENUE,WESTBOROUGH,MA,015812831,42.2694308,-71.6129907,19,0
daa8c3f3-d601-30a5-9093-a32ddf620382,e0cc7e8e-e1a4-3a02-b589-0a35741d39fe,Octavio643 Towne435,M,GENERAL PRACTICE,990 PARADISE RD,SWAMPSCOTT,MA,019071831,42.48374535000001,-70.90120467000462,71,0
f12ad225-9d2d-372b-adc1-8bacb698e8f2,121b0ad1-1beb-3caa-9271-3d3f726bb727,Kyoko885 Price929,F,GENERAL PRACTICE,1030 MAIN STREET,WALTHAM,MA,024517447,42.375828,-71.2527956,30,0
5748844e-dbc2-32a0-98a1-0a63d315bdfe,43f37d29-0bcb-3d84-b9c0-9ee4f2485ff2,Boris111 Romaguera67,M,GENERAL PRACTICE,168 WALTON RD UNIT 19,ROWLEY,MA,019692014,42.7136977,-70.8818364,33,0
7645549d-5853-3fd8-ae1b-4589a4f61ceb,0a2252ba-33de-322f-8f0a-e5b0141f1780,Lincoln623 Block661,M,GENERAL PRACTICE,632 BLUE  HILL AVENUE,DORCHESTER,MA,021213213,42.2941088,-71.0885355,1,0
14f25f9f-468f-3f34-8235-33fdc445faac,f6ba791e-fe68-3596-bef4-60751db6a60e,Cleo27 Crooks415,M,GENERAL PRACTICE,37 BIRCH STREET,MILFORD,MA,017575501,42.1424349,-71.48943173357203,1,0
e4ed8d51-2a34-3093-8c59-bdbf5e7d3dc4,e1892a2c-6dca-3c4c-93b7-0e00a9eb8b61,Derek111 Erdman779,M,GENERAL PRACTICE,20 EAST ST,HANOVER,MA,023391638,42.1278249,-70.82664947485381,101,0
4899e6de-c76b-3f95-94c6-9162caa4c955,19f958ef-57cf-33c1-b068-14b32a980813,María Eugenia578 Saldaña5,F,GENERAL PRACTICE,155 BROADWAY RD,DRACUT,MA,018262754,42.67578279999999,-71.29320171860073,15,0
3304ad29-d24f-3b12-b358-215361d2b672,587f07bd-7d69-3291-9aea-abef74f30045,Arlen68 Davis923,M,GENERAL PRACTICE,228 ALMONT ST,MATTAPAN,MA,021261487,42.2805395,-71.09839825,38,0
6bc14391-22a4-3e9f-a555-5e5a5c9e5a39,53f086de-2fc7-3d35-92c2-aca4ed944e7f,Manuela585 Meza847,F,GENERAL PRACTICE,1 GENERAL ST,LAWRENCE,MA,018412961,42.7097143,-71.15007700778098,260,0
c61f3ca6-7823-3050-91db-0090c6a2ce8a,de2ceae4-ddad-3174-9a1b-f32ea37e53f8,Quinton758 Jaskolski867,M,GENERAL PRACTICE,107 LINCOLN STREET,WORCESTER,MA,016052431,42.276415099999994,-71.79469158738553,201,0
5c1fa999-c30a-3a7f-8541-3834227475e1,c05d73d0-b348-32ce-9fe5-13a720950f37,Abraham100 McDermott739,M,GENERAL PRACTICE,45 DRUM HILL RD,CHELMSFORD,MA,018241503,42.6255635,-71.3615131,24,0
fb6599a9-70a6-3897-995a-8047062e7129,0e061004-bcc0-3e99-a237-d700823e817b,Kizzie166 Lehner980,F,GENERAL PRACTICE,570 BALDWINVILLE RD,BALDWINVILLE,MA,014361351,42.5953045,-72.07447782689232,16,0
4f4d80cc-6504-3628-937c-cb5bf96339fa,d70d47dc-b40c-3a04-8342-35cbfe716409,Marcelino726 Hilpert278,M,GENERAL PRACTICE,83 LITTLEFIELD RD,NEWTON,MA,024593010,42.3104327,-71.18883283411856,57,0
b41b6ff7-f2d1-34dc-ba99-32afb6bae767,de3cc142-803a-3ed4-8945-75ec88a84784,Brittni468 Trantow673,F,GENERAL PRACTICE,51 HOSPITAL ROAD,BALDWINVILLE,MA,014361215,42.6108483,-72.0608364,1,0
109cda17-0b20-31ed-80ea-cc53fd9e0534,0592d4e5-a0fb-3143-83cd-8e5a6b066a96,Anderson154 Lemke654,M,GENERAL PRACTICE,20 EAST ST,HANOVER,MA,023391638,42.1278249,-70.82664947485381,12,0
efef8c64-cd25-30b4-87b7-7113657de9f2,6b9c5830-a278-38ff-887f-ccefd74cf8e8,Fawn386 Hettinger594,F,GENERAL PRACTICE,184 LINCOLN STREET,NORTH EASTON,MA,023561799,42.06665855,-71.11947646404934,10,0
1b697810-c79e-3a6d-b7fc-530143e7c5cd,ba07b31b-bf14-39b8-be95-4c5ca5062daa,Hermelinda327 Hyatt152,F,GENERAL PRACTICE,1575 CAMBRIDGE ST,CAMBRIDGE,MA,021384308,42.375209549999994,-71.10711344152975,521,0
7805b551-74ad-3b43-bb71-f642ba7a4195,064ba8c8-f6f7-3582-8f41-c963ceedfee4,Lexie163 Ankunding277,F,GENERAL PRACTICE,500 BELMONT STREET,BROCKTON,MA,023014985,42.07465845,-71.03975419622803,1,0
45601bc8-b755-35ca-9ad7-5ed0b8894c03,6aae7a31-90df-3455-ad8d-81f8cf2d21e8,Houston994 Funk324,M,GENERAL PRACTICE,680 CENTRE ST,BROCKTON,MA,023023308,42.0872752,-70.9910738855076,235,0
